country,1975,1976,1977,1978,1979,1980,1981,1982,1983,1984,1985,1986,1987,1988,1989,1990,1991,1992,1993,1994,1995,1996,1997,1998,1999,2000,2001,2002,2003,2004,2005,2006,2007,2008,2009,2010,2011,2012,2013,2014,2015,2016,2017,2018,2019,2020,2021
Afghanistan,39.5,39.8,39.3,27.6,22.8,23.3,26.6,25.2,25.9,25.9,25.7,26.3,26.2,25.5,26.6,26,26.3,26.9,29.9,28.4,28.4,18.2,16.1,14.7,15.8,15.1,26.9,49.8,53.4,53.9,51.4,51.9,53.8,53.7,52,53.1,54.2,56.6,55.5,55.5,55,53.6,55.3,57.3,52.3,56,33.5
Angola,24.3,27,25.1,25.3,25.6,27.4,27.5,27.3,28.3,27.2,27.8,27.6,26.6,27.3,26.7,28.5,38.5,45.2,46.9,42.7,38.2,40,40.6,42.2,42.2,44,42.3,45.8,49.2,49.2,49.6,51.5,49.8,48.6,48.1,51.1,50,50.7,49.1,49.2,49.4,50.9,51.2,56.3,56.4,56.9,53.3
Albania,7.03,7.28,7.67,7.66,7.5,7.83,7.58,7.43,7.95,8.41,10,10.1,10.5,9.99,10.5,29.7,58.4,64.5,63.7,64.7,63.7,63.9,64.2,68.6,67.8,67.2,67.4,68.7,67.9,68.8,69.4,71.2,73.9,74.7,72.8,74.1,73.8,72,73.8,74,73.8,73.7,73.6,73.4,73.1,69.7,70.2
UAE,38.9,40,41.3,41.2,41.2,40.4,40,40.3,38.7,37.1,38.6,38.7,39.8,39.8,39.3,40,41.1,41.7,41.8,41.1,42.6,43.2,42.3,43,43.3,42.3,42.9,41.1,41.3,39.7,40.7,40.7,41.8,41.2,41,39.8,38.9,39.2,38.9,38.8,38.9,39,38.3,38.1,37.4,37.1,36.4
Argentina,51.9,35.7,29,29,29.3,29.3,32.1,35.2,49.1,77.5,78.8,82.1,81.1,82.5,82.3,84.1,83.1,84,81,82.4,85.3,84,84.2,81.7,82.4,84.5,82,82.1,82.3,81.9,82.1,82,79.9,80.8,80.7,80.1,80.2,79.3,80,78.9,77.6,79,76.1,76.5,76,80.3,76.4
Armenia,,,,,,,,,,,,,,,,,66.3,66.3,63.9,63.8,62.2,60.8,62.6,64.1,64.2,62.4,65,64.7,63.8,60.8,62.3,61.9,60.3,55.9,57.9,59.6,61.1,62.3,63,62.4,62.5,63.1,64.2,69.2,76.8,74.3,71.5
Australia,90.3,90.2,90,90.2,88.1,87.2,88.1,88.1,87.9,88.3,90.3,90,90.3,90,89.9,90.8,90.8,90.7,89.6,90.2,91.1,89.8,88.5,88.1,87.8,89.7,89.7,89.7,89.6,89.9,89.4,89.7,89.7,89,90.5,90.4,91.3,90.5,88.7,88.5,86.6,86.2,82.7,85.2,82.8,84.1,81.7
Austria,89,92.7,92.5,92.8,92.5,92.2,91.6,88.5,88.5,89.1,89.2,89,89,88.8,88.6,89.1,89.1,88.9,88.2,88.2,87.3,88.1,87.5,86.4,87.4,86.6,87.5,87.3,87.1,87.2,87.5,91.5,91.6,91.1,91.5,91.5,88.6,91.3,91.6,91.4,90.8,91.4,90.2,84.9,83.5,84.5,82.7
Azerbaijan,,,,,,,,,,,,,,,,,48,53.3,48.6,45.7,47.3,46.8,46.8,46.7,48.1,48.8,49.9,47.3,45.3,44.1,44.4,43.9,43.2,43,42.4,41.2,41.8,41.8,40.8,42.2,41.6,41.1,45.8,41,43.2,41.7,45.4
Burundi,38.3,38,38.8,38.8,38.7,38.7,39.1,39.1,38.7,37.1,37,37.4,38.8,38.4,39.3,39.6,38.3,54.5,54.5,54.9,55.2,48.2,47.2,48.7,46.9,47.3,49.5,49.5,50.6,50,51.6,53.7,52.7,51.5,52.8,46.5,51.1,52.1,48.6,44.1,29.9,28,25.1,27.9,29.8,31,34.4
Belgium,87.7,87.5,87.7,87.8,87.8,91.6,89.9,89.1,89.2,89.7,89.1,89.2,89.9,89,90.3,92,91.9,91.7,92.5,92.1,93.1,92.8,92.7,92.5,91.9,92.2,91.7,92.7,92.8,92.8,91.9,91.1,91.2,91.9,91.6,90.8,91.3,90.5,90.3,90.4,88.6,88.5,89.2,89.2,87.6,84.2,83.4
Benin,36.7,36.8,36.9,36.9,36.9,37.4,37.4,37.9,39.1,38.9,39,38.1,38.7,38.5,41.5,73.4,75.7,80.5,80.8,79.6,78.7,80.8,78.8,79.4,78.6,77.8,77.1,76.7,76.8,76.7,74.3,74.6,72.1,71.3,71.9,73.7,73.9,73.9,71.9,72.9,73.7,77,79.9,74.6,67.8,63.7,63.5
Burkina Faso,55.9,57.2,59.3,60.8,60.8,57.7,53.1,51.6,52.6,49,47.7,48.5,49,51.7,53.3,53.9,58.7,62.7,64,64.9,65,66.1,65.8,65.2,67.1,70.1,70.3,70.1,71.8,69.5,70.1,69.3,72.8,72.5,71.4,73.3,73.1,73.8,73.5,74.7,74.7,72.8,74.3,69.7,65.1,65.5,63.4
Bangladesh,46.1,48.9,51.4,53.9,55.1,56.2,56.5,50,48,50,49.1,52.7,50.9,52,53.8,50.2,59.5,58.3,58.7,58.5,59.9,58.8,58.8,58.6,58.8,55.7,57.8,55.7,55.1,55.1,55.9,55.3,49.7,50.9,55.4,54.4,55.8,54.8,53.3,49.4,47.6,46.4,44.7,44.9,44.9,47.3,46.8
Bulgaria,27.8,27.8,27.7,27.8,28,28.2,27.7,28.5,28.9,28.9,29.3,28.8,28.9,30.2,30.5,71.9,73.8,74.5,73.3,74.4,72.4,73.1,73.8,72.8,74.3,73.5,74.3,75.5,75.1,76.4,74.9,74.9,76.2,75.6,75.7,76.1,75.2,75,67.8,69.8,70.9,69.5,70.9,69.4,68.6,68,68.8
Bahrain,45.2,39.9,39.8,39.9,39.6,39.6,40.1,38.7,38.6,37.5,36.9,39.1,38.1,38.8,39.1,37.2,37.6,37.5,38.1,37.5,37,37.8,37.8,37.4,37.9,42,48.7,51.2,50.9,50.5,48,48.8,49.5,49.8,49,48.4,34.4,34.5,33.2,33.2,30.6,31.3,28.3,26,30.6,34.4,33.5
Bosnia and Herzegovina,,,,,,,,,,,,,,,,,,46,45.7,45.8,46.5,58.9,61.9,63.2,62.9,68,68.2,69.4,70.6,69.6,71.2,70.8,70.3,70.2,68.4,69.3,69.1,69.9,68.4,68.4,68.8,66.9,66.1,65.7,62.5,63.4,62.8
Belarus,,,,,,,,,,,,,,,,,63.6,68.4,66.6,67.3,62.4,54.1,52.9,52.1,49.9,44.8,45.2,45.1,45,44.9,44.1,41.6,41.9,44.5,43.9,41.7,41.5,41.3,43,44.3,44.1,45.5,46.3,47.1,47,33.3,21.6
Bolivia,32.3,32.6,32.6,38.3,45.6,33,33.3,52.3,67.5,68.7,67.9,66,67.5,70.5,68.9,69.7,74.3,73.8,70.7,72.1,72.6,73.6,73.1,71.4,70.5,70.2,70.5,71.1,69.4,73.6,71.7,68.1,69.2,66.9,70,71,70.2,70,68.6,66.8,67.2,64.1,65.4,65,59.7,55.7,64.9
Brazil,36.6,38.4,38.3,38.8,43,46.4,48.6,48.6,48.4,48,58.7,62.5,62.7,74,79.4,81.4,82.4,81.8,83.5,81.9,84.2,85,82.3,85.1,81.7,82.3,81,81.3,80.1,83.9,85.2,85.4,85.3,83.3,84.8,85.1,85.2,83,81.2,77.2,79.6,71.8,70.5,68.6,64.5,65.6,64.2
Barbados,78.1,79.4,79.3,79.5,79.7,80.7,80.7,80.8,81.1,80.8,80.8,80.8,80.8,80.9,80.8,81.2,80.8,81.4,81.3,81.3,81.4,81.4,81.4,81.4,81.4,81,81.9,83.4,83.4,82.4,83.2,82.8,83.1,81.2,82.6,82.8,82.2,82.4,82.3,82,82.4,81.8,82.5,80.6,83.9,82.2,82.4
Bhutan,50.9,50.9,50.8,51,51.1,52.8,52.6,52.7,52.7,52.7,52.6,54,52.1,50.4,51.9,48.9,49.4,48.2,45.1,46,46.1,46.6,46.5,46.9,46.8,47.4,49,49.3,50.2,50.9,50,50.6,53.4,54.4,54.7,56.2,57,58.9,58.6,57.6,56.9,55.9,57.8,61.3,61.8,60.5,57.2
Botswana,74.8,75.2,75.2,74.5,75.2,75.2,76.3,74.8,75.1,74.7,74.7,74.4,74.8,76.3,76.3,75.7,75.1,75.9,75.9,75.6,75.7,76.3,75.3,74.9,75.4,74.9,74.7,75.6,75.3,76.3,74.7,76.7,76.1,76,75.9,77,77.1,77.1,75.1,74.2,72.6,73.5,72.3,71.2,71.8,72.8,72.8
Central African Republic,32.6,31.5,29.8,29.6,34.8,55.1,52.6,43.8,44.6,44.4,44.7,45.3,44.4,45.4,44.1,45,48.4,50.8,53.3,56.4,54.6,51.8,52.2,55.9,52.7,54.6,54.1,54,52.7,53.1,52.4,52.3,53.6,53.7,53.6,55.6,53.8,53.6,42.4,43.3,47.9,55,53.6,55,51.4,54.2,53
Canada,82.8,83.2,83,83,82.9,83.1,83,83.6,83.1,84.9,84.5,84.5,84.5,84.5,84.7,84.7,84.6,84.5,84.6,84.4,84.6,84.6,85.8,84.8,85.7,85.8,84.4,83,83.2,83.1,82.7,83.2,83.5,83.1,83.7,83.5,83.2,84.7,84.9,84.7,84.1,83.8,83.8,85,86.6,87.2,87.1
Switzerland,80.2,80.1,80.3,80.1,80.1,82.4,84.1,84.1,84,83.5,83.6,84.1,84,84.2,85.5,89.1,91.1,90.3,90.6,90.6,89.7,90.6,90.5,90.7,90.6,90.6,90.6,90,90.3,90.5,90,90,89.1,89,89,89.7,88.8,88.9,89.4,88.8,89.2,89.4,89.8,91.1,90.9,88.8,88
Chile,22.5,22.6,24.4,23.4,25.3,28,29,29.5,32.1,28.9,31.6,31.5,33.7,38.6,48,81.3,85.6,84.5,85,85.3,88.2,88.6,87.7,88.2,88.2,88.8,88.2,89.2,88.7,91.5,90.4,90.7,91.2,91.2,91,88.8,86.1,86.7,87.3,89,87.9,88.3,88.6,85.3,76.3,76,79
China,15.7,15.7,14,24.6,34.8,39,39.4,39.2,38.8,39,38.2,39.7,39.2,38.5,33.2,33,33.3,34.8,36.6,36.4,36.5,36,35.7,35.9,35.6,37.8,37.9,37.7,37.8,37.9,36.4,36.6,36.2,36.2,36.3,36.3,36.5,36.1,34.4,34.2,33.6,33.5,32.3,29.5,26.3,26.6,26.9
Cote d'Ivoire,51.2,51.3,51.2,51.4,51.3,51.4,52.7,52.6,52.7,52.2,52.3,52.2,52.4,51.1,52,59.3,61.7,61.4,60.5,61.3,62,61.7,62.8,62.5,60.9,64.8,65.1,65.2,61.8,62.7,60.9,60.8,61.2,60.2,59.7,58.4,57.1,63.9,63.2,63.7,63.4,61.9,61.2,60.8,60.9,55.6,56.1
Cameroon,36.2,36.4,36.3,36.4,36.3,39.5,38.6,41,43.9,44.5,43.8,44.2,45.1,43.8,44.6,50.6,56.4,56.2,58.1,58.5,58.2,58.5,58.9,59.6,59.4,58,57,57.7,57,56.6,57.3,58.3,58.6,56.5,56.9,56,56.7,56.7,51.6,52.2,51.1,48.7,47.1,47.2,46.8,46.6,46.4
"Congo, Dem. Rep.",28.5,28.8,29.2,30.2,30.1,29.8,29.6,30.1,30.1,29.6,30.2,30.2,29.7,29.5,29.8,38.5,41.5,41.3,41.1,41.2,41.3,41.2,41.3,43.6,42.5,45.5,45.7,46.1,46.2,49.6,49.5,49,50.2,50.2,48.5,48.9,47,50.4,51.1,50.9,50,45.5,46.8,47,50.5,49.1,52.4
"Congo, Rep.",33.6,33.4,32,33.6,33.4,34.1,35,35,34.8,34.1,33.2,34.6,33.8,34,34.5,46.8,57.8,57,54.4,55.5,55.9,53.8,50.1,47.5,47.4,49.9,48.7,49.4,48.8,47.6,49.3,49.3,48,48.1,44.3,45.8,45.6,45.9,41.9,41.1,39.8,38.4,40.4,40.3,40,43.9,44.2
Colombia,55.9,56.1,56.1,50.1,48.9,49.1,52.1,56,60,60.9,59.9,59.7,59.6,59.8,59.3,58.3,62,62.5,61,61.5,61.2,60.8,61.7,61.5,61.1,61.9,60,60.1,58.7,58.8,59.8,58.4,59.8,61.2,63.3,64.3,66.1,67.5,68.4,68.7,66.8,68.3,70.4,65.4,63.7,61.1,58
Comoros,49.4,47.9,47.6,47.9,50.4,50.3,51.5,55.2,51.9,51.9,50.6,50.6,50.5,50.9,50.7,58,60.9,58,58.9,56.8,57.5,57.7,56.7,55.8,57.2,53.8,59.8,60.4,59.8,60.4,58.1,59.1,57.2,58.5,58.7,57.1,60.2,60.9,60.8,58.2,58.1,60.3,59.2,56.2,53.6,52.1,52
Cape Verde,49.5,57.5,57.6,56,55.8,57.7,57.6,57.4,58.1,58.1,58.1,58.1,58.2,60.3,60.1,68.7,72.4,79.9,80.6,78.4,78.1,79.8,79.8,79.2,80,79.2,79,78.7,78.8,79.3,78.9,79,79.8,79.7,79.8,79.8,79.7,79.8,81.7,81.7,81.1,81,81.1,81.3,80.9,79.8,79.9
Costa Rica,81.4,81.4,81.5,81.5,81.3,87,86.8,87.4,87.2,86.5,87.2,88.7,88.3,90.9,90.6,92,90.5,90.3,90.8,90.3,91.3,91.3,91.5,91.2,91.3,92.1,88.8,91.5,91,91.9,91.5,91.6,91.4,89.9,90.4,91.2,90.9,92.3,91.2,92.5,93.3,93,91.6,85.3,86.9,84.8,84.6
Cuba,23.7,23.7,23.5,23.4,23.6,25.5,25.8,25.7,25.5,25.3,25.4,25.3,25.3,25.5,25.3,25.6,25.3,26.1,27.5,28.2,28.4,28.8,28.9,28.5,28.6,28.6,28.7,28.6,28.7,28.6,28,28.2,28,28.1,28,28.2,28.2,28.3,32.2,32.5,32.6,32.3,32.9,33.4,36.1,34.2,32.4
Cyprus,61.9,64.9,65,65,65,65.3,66.5,67,66.8,65.3,65.7,67.1,67.1,66.5,67.6,70.7,73.1,72.1,71.8,72,71,72.7,71.3,71.1,70.5,70.7,71.2,71.1,69.3,77.5,78.3,75.6,77.1,78.7,78.8,80,79.8,79.8,83,81.6,82.6,83.6,83.5,83.5,81.9,78.2,76.8
Czech Republic,29.7,29.8,29.8,29.6,29.9,29.7,30,29.8,30.1,29.8,29.6,29.7,30.5,30.6,35.2,91.6,92.8,91.3,92.8,92.2,91.2,90.6,90.8,90,93.3,90.7,88,90.2,92,90.1,87.3,89.3,88.7,88.2,88,88.5,88.4,90.7,87.2,83.2,82.6,83.2,85.9,87.1,88.2,82.5,79.2
Germany,81.3,81.4,81.5,82.9,84.3,85.7,85.6,85.8,85.6,85.8,84.5,85.7,85.7,85.7,85.8,87.3,87.5,86.4,86.1,87,86,85.9,86.5,86.5,85.6,86.7,85.5,85.6,85.3,85,85.8,85.8,85.6,85.3,86.1,85.2,85.5,85.3,85.3,84.4,84.4,84.2,83.7,85.4,86.4,83.7,82.5
Djibouti,,,33.2,43.2,43.6,43.5,44.6,44.4,42.9,42.8,42.9,43,42,41.9,40.9,42.5,42.4,42.2,43.8,45.1,44.9,47,46.4,46.4,46.2,45.8,45.1,46.6,45.6,45.5,46.4,46.9,47.6,49.2,46,48.1,44.4,43.8,43.9,42.7,44.4,44.3,45.6,46.3,45.2,45.3,44.9
Denmark,97.2,97.2,97.3,97.2,97.3,97.3,98.3,98.1,98.2,98.5,98.7,98.5,98.7,98.6,98.4,97.6,98.4,98.4,98.6,97.5,98.7,98.7,98.6,98.5,98.7,97.8,98.2,98.1,97.9,97.8,96.9,97.8,95.3,95.9,95.6,96.8,95.8,97.3,96.7,95,95.5,93.3,94.8,93.6,91.4,90.1,90.3
Dominican Republic,46.4,46.8,48.3,54.3,69.6,69.6,70.5,70.2,70.5,69.1,70.2,69.4,68.8,68.8,70,66.7,68.4,68.9,70.6,64.6,70.9,71.4,74.7,73,71.1,71.6,71.1,71.8,71.3,70.4,70.5,70.7,71.4,68.4,68.7,70.3,69.4,69.4,68.6,68,65.9,67.2,70.5,73.3,72.3,78.1,80.9
Algeria,40.7,40.5,40.5,40.3,41.8,42.4,42.6,42.1,42,41.8,40.8,41.2,42,42.4,47.4,52.5,50.5,49.6,51.1,50.6,49.3,50.9,51.1,49.4,49.3,50.1,49.6,49.4,48.4,48.5,48.6,49.1,49.4,49.1,48.4,50.5,48.1,48.4,50.2,49.9,48.7,49.1,53.6,50.1,48.9,49.3,44.5
Ecuador,51.1,51.5,51.3,53.3,61,70.9,69.9,70.3,73.5,66,65.1,64.9,63.8,70.2,73.5,71.7,70.3,71.2,68.8,68.6,68.9,68.4,68.4,70.7,67.6,67.4,68.3,67.5,68.1,68.8,66.4,67.3,71,66.8,67.3,65.3,64,65.1,62.1,60.9,60.9,61.4,68.8,73.6,71.1,71,73
Egypt,46.1,46.3,43.8,43.7,43.7,43.7,48.9,49.5,49.5,46.6,48.6,52,49.8,47.9,48.2,46.4,45.9,46.1,45.9,45.6,45.2,45.8,46.4,47,47.3,48.9,48,48.2,48.1,47.1,46.7,46.8,47.2,46.2,45.5,45.9,46.5,47.7,41,33.1,34.7,35.2,36,34,35,35.9,35.9
Eritrea,,,,,,,,,,,,,,,,,,,46.1,44.8,44.3,44.1,42.8,42.6,41.6,39.4,26.5,15.1,15,15.8,14.8,14.9,15.1,13.4,15.1,14.5,14.4,14.5,19.6,19.8,18.3,18,16.4,19.2,20.1,20.6,20.5
Spain,36.6,47.7,59.5,71.9,80.3,85.5,86.7,88.6,89.2,88.4,89,90.7,92.2,91.2,92.1,91.8,92.4,92.4,92.1,92.1,91,92.8,91.9,92.8,92.1,91.6,91,92.1,90.1,90.7,89.4,89.8,89.5,90.5,90,90,90.7,88.3,88.6,88.2,82.7,83.1,77.8,79.4,81.6,79.6,77.6
Estonia,,,,,,,,,,,,,,,,,73.5,77.8,78.2,79,81.8,81.3,81.5,82.5,82.3,83.9,83.2,83.9,84.3,83.4,83.6,83.6,81.5,85.1,86.9,89,89.3,89.1,89.3,88.2,88.3,91.8,91.2,91.2,90.4,90.2,91
Ethiopia,27.5,24,24.1,23.6,23.8,23.8,23.9,22.9,23.1,22.8,22.8,22.7,23,23,23.8,25.4,45.3,49.3,50.7,48.7,51,52.4,51.3,49.1,49.5,51.4,51.1,48.1,48.3,47.3,49.1,44.1,43.5,44.8,44.4,43.1,43.4,42.6,41.5,39.9,39,39.4,40.3,46.5,52.6,54.2,49
Finland,85.4,85.5,85.3,85.3,85.4,85.4,86.3,84.3,85.8,86,85.9,85.9,86.2,86.3,87.6,91.4,95.1,95.1,95,94.8,94.8,95.1,94.3,95.1,95.2,94.9,94.5,94.9,94.6,94.9,94.6,94.6,94.1,94.3,93.4,93.1,92.9,94.8,94.5,92.5,88.5,89.1,90.4,91.7,89.5,89.2,88
Fiji,69.5,69.8,69.5,69.7,69.6,69.1,69.9,70.6,71.2,70.1,71.2,70.8,54.8,57.1,58.9,61.2,63.3,64,64.8,65.4,65.5,65,67.2,66.7,66.9,56,57.3,60.5,62.1,61.5,61.2,56,48.9,47.7,45.8,46,47.3,48.1,48.4,54.2,57,58.5,60.2,59.5,59,57.8,57.2
France,86.9,87,87,86.8,86.8,86.9,89.5,91.4,91.2,90.8,88.9,91,90.9,92.7,92.8,90.2,90.7,90.9,92.1,91.5,90.8,90.6,89.3,91.4,91.3,91.4,90,89.7,91.2,90.8,90.9,90.1,90.6,90,90.3,88.2,89.2,89.8,89.9,88.7,89.7,87.1,87.6,86.6,85.7,80.7,80.5
Gabon,45.7,45.9,45.9,45.8,47.1,46.9,47.2,48,48,46.7,46.8,46.2,46,45.6,47,59,66.2,66.6,64.9,62.1,66.3,66.3,66.4,66.1,65.8,65.2,66.1,64.4,65.2,63,62.2,63.9,64.9,64.4,64.5,69.1,69.6,68,68.7,69.2,68.2,67.4,68.7,67.5,65.7,62.7,62.7
UK,74.3,74.5,74.5,74.6,74.5,73.8,73.8,74.1,74.2,73.6,73,71.4,72.8,74.7,74.6,74.9,74.1,74.5,75.6,75.9,74.8,75,74.7,76.3,81.6,82.6,83.1,82.8,84.4,84.3,82.9,84.2,83.2,83.1,83.4,83.4,83.6,83.6,82.1,80.3,81.1,80,83.7,84.4,82.9,80.8,78.2
Georgia,,,,,,,,,,,,,,,,,52.5,56.8,57,59.9,63,63.8,63.2,62.3,63.3,63.7,63.7,63.2,63.6,66.2,66.2,67.4,58.9,64.2,61.3,61.6,59.7,61.7,70.3,71,72.1,71.9,73.4,73,71.3,71.5,71.3
Ghana,50.5,50.7,50.5,51.6,57.2,61.8,60.2,45,42.7,43.3,42.7,42.9,43.3,43.4,43.2,49.3,49.9,55.8,64.5,68.8,69.3,71.1,69.2,69.8,71.3,77.3,77.3,77.4,79.2,79.3,78.1,77.8,81.6,80.2,79.5,83.7,83.8,83.9,81.9,80,82.3,84.2,80.7,79.7,76.1,79.1,75
Guinea,24.2,24.3,24.4,24.4,24.3,24.1,25.6,26.1,26.9,29,42.4,45.1,42.1,44.2,44.3,46.2,47.9,51.7,52.2,50.4,49.6,50.3,49.5,49.4,50.6,49.2,48.5,49.4,52,49,50.2,49.7,48.9,49.8,45.9,53.6,54.3,54.8,58.1,55.5,55.3,55.2,57.7,55.8,53.4,47.6,46.6
Gambia,63.3,63.5,63.4,63.6,63.4,63.5,61.5,61.7,61.8,62.6,65.7,66.4,64.4,65.9,66.4,65.9,66.6,66.6,66.3,45.8,41.7,44.2,45.5,46.7,45.8,45.7,46.6,46.4,49.4,48.5,48.2,47.8,47.7,46.4,45.6,45.2,47.3,45.2,43.3,41.4,41.5,42.7,66.5,72.5,73,72.3,72.5
Guinea-Bissau,39.9,39.9,40,39.8,40,40.1,39.8,39.7,38.9,39,39,40.6,40.4,39.5,39.6,45.3,47.4,47.9,52,56.4,55.3,54,54.8,50,53.8,53.9,53.8,54.1,56.2,60.2,58.3,56.5,54.4,57.1,56.4,56.8,59,53.7,62.9,63,63,64.2,62.6,62.5,63.7,61.9,64.8
Equatorial Guinea,6.4,6.59,6.48,6.81,20,37.6,39.2,37.1,38.2,37.9,36.3,35.9,35.9,35.6,36.7,37.3,36.5,38.5,38.5,40.6,39.9,38.4,37.6,37.5,38.2,38.8,38.3,38.8,38.8,38.5,38.8,39.2,39.4,39.6,39.8,39.7,39.4,39.3,38.5,37.9,36.4,36.6,35.7,36,37.4,36,35.1
Greece,69.6,77.2,79.4,79.4,79.3,79.2,80.4,80.2,79.4,80.4,80.6,80.1,80,80.2,79.2,80.6,81.1,82.4,81.3,80.2,81.5,82.6,81.6,83.6,82.5,83.8,82.9,81.6,82.5,82.1,81.3,81.7,82,81.6,82.1,81.9,80.5,81.8,81.2,80.9,79.9,79.8,78.1,78.5,78.2,78.8,77.6
Guatemala,33.2,33,31.2,29.1,29.3,29.3,29.5,26.3,27.1,33.3,40,48.4,52.4,52.1,52.3,52.3,51.7,49.5,49.1,51.6,52.3,54.9,64.1,64,63,65.4,63.5,63.9,64.3,66.4,65,65.4,65.1,64.1,64.6,66.8,66.3,64.4,63.8,62.9,62.9,63.1,65.5,64.2,63.7,62.7,60.7
Guyana,56.4,56.3,59.2,58.8,57,56.1,50.5,52,52.5,51.4,53.6,56.7,57.4,60.5,59.7,61.3,61.9,62.1,66.4,67.3,67,67.5,67.6,68.1,68.4,69.3,67.5,67.7,70.4,70.8,69.6,70.4,70.4,69.7,68.9,68.2,68.8,65.9,68.5,70.7,79.6,78.7,79.3,79.2,76.8,77.3,73.4
Honduras,42.4,42.7,42.2,41.3,41.6,53,56.2,59.2,60.1,59.8,60,60.1,59.4,59.1,61.6,61.3,63.9,65.8,63.1,67,68.8,69.1,69.2,69.6,69.1,68.3,67.7,66.8,68.5,67.7,67.6,68.7,68.7,67.7,60,64.8,64.1,65.3,66.8,66.6,63.3,63.3,63.2,68.6,68.5,66.4,70
Croatia,,,,,,,,,,,,,,,,,52.4,52.1,54.5,53.7,52.8,60.8,59.8,59,61.8,76.6,77.8,77.4,77.5,77,75.9,76.6,77.2,75.1,75,75.4,77.6,78.4,78.6,80.8,78.5,75.6,74.3,73.6,72.5,71.5,73.2
Haiti,29.8,30,30.3,30.2,30.1,27.8,31.6,31.3,30.7,31.3,31.5,42.3,54.5,54.9,55.7,54.1,49.2,38.6,40.6,45.4,62.5,63.3,66.2,67,66.2,65.6,59.3,57.8,55.2,59.3,60.3,65.1,66.5,66.7,65.4,65.4,64,64.3,64.1,64,64.7,66.6,64.8,61.8,64.3,63.1,59.1
Hungary,32.9,33,32.9,33.1,33.2,35.5,38.7,40.5,40.1,40.2,41.8,42.1,43.9,48.5,58.9,92.5,93.8,93,90.9,93.2,92.8,92.9,92.5,91.5,89.1,87.6,87.8,89.6,89.3,89.3,90.6,83.8,87.4,85.8,86.2,80.7,73.9,73.2,69.6,69.1,68.1,68.1,67.4,66.3,66.1,64,64.1
Indonesia,41,40.8,41.1,41.1,41,40.3,40.2,40.4,40.9,40.4,40.2,40.3,39,40.6,40.5,40.3,39.3,38.1,37.9,39.1,39.1,38.5,38.1,48.8,63.2,65,65,65.5,65,64.2,64.5,65.1,65.3,65.1,64.8,64.9,63.7,64.5,64,63.3,63.8,63.7,64.4,64.2,61.8,58.6,57
India,48.4,48.2,56.9,65.5,64.9,63.5,65.7,65.9,65.6,64.8,65.6,65.9,66.1,65.2,64.9,65.1,65.3,65.7,64.3,67.2,64.8,68,67.8,65.8,64.6,64.2,63.8,63.7,64.6,64.4,63.1,63.7,63.6,62.9,63.7,63.5,62.7,62.6,62.9,58,53.5,53.7,53.9,50.8,50.2,49,53.6
Ireland,77.4,77.5,77.7,77.5,77.8,77.7,78.5,79.8,80.5,79.8,81.2,81.4,80.7,81.1,81.1,83.3,87.5,87,86.7,86.9,87.1,86.8,87,86.8,86.8,88.5,87.7,88,86.1,87.7,87.7,87.6,87,86.2,87.5,87.4,87.1,89.1,89.1,87.5,88.5,87.8,89.1,86.7,88.2,88.6,88.1
Iran,36.5,35.4,34.6,35.7,39.8,32.2,27.4,25.8,27.7,27.6,28.1,28.5,28.6,29.1,32,34.6,34.7,34.9,35.4,35.1,34.8,36,41.2,41.7,43.4,42.1,41.1,40.9,41,41.1,40.5,35.7,35.3,35,34.4,34.8,35.4,35.4,38.3,39.3,39,39.3,38.1,36.9,36.7,38,37.7
Iraq,31.4,31,31.3,31.2,26.7,24,22.1,21.3,21.7,21.7,21.4,22.4,21.8,22,21.8,22.4,20.8,20.7,21.7,21.9,22.9,21.6,21.6,21.6,21.5,23.8,25.4,26,40.7,52.9,51.4,49.1,50.6,48.3,50.7,49.3,48.3,47.1,44.2,47,44.5,45.7,47.8,49.2,48.8,48.1,47.9
Iceland,82.1,82.2,82.1,82.4,82.4,84.4,85.6,85.5,85.6,85.7,85.9,86.4,87.3,87.4,87.4,88.4,88.4,88.2,88.3,88.5,88.4,91.1,91.2,91.2,91.4,91.3,91.2,88.8,88.8,90.9,90.5,89.6,89.5,90.2,89.1,90,89.5,89.3,88.1,87.4,88.1,87.4,88.3,89,88.6,89.9,88.8
Israel,70.4,70.7,70.2,70.5,70.4,70.3,67.8,67.9,68.1,67.8,68,67.1,66.6,68.2,69.1,68.8,67.6,67.6,69.2,68.2,67.9,68.6,68.3,67.7,68.1,66.6,68,68,68.3,68.1,67.8,67.8,66.3,65.8,65.2,64.7,65,64.8,64.2,64.2,64.1,65.6,64.3,63.3,64.4,68.6,70.3
Italy,70.9,70.9,71.9,71.8,71.9,85.4,88.8,88.8,88.5,91.4,91.3,90.7,91,91.3,91.3,90.5,92.4,92.5,89.5,86.9,88.5,88,89.3,88.1,89.2,87.3,87,91.4,91.6,91.5,92.5,93.9,93.1,89.6,90.5,90.8,93.1,94.3,88.7,87.7,88,90.1,90,88.1,89,80.8,80.6
Jamaica,68.5,68.5,68.4,68.5,68.5,71.2,72.8,73.2,73,72.4,73,75.1,74.7,75.6,75.8,75.8,76.8,76.7,76.7,76.8,77.6,77.7,78.3,78.4,77.9,77,77.6,77,77.4,76.7,76.8,77.7,77.8,77.3,77.6,77.3,77.6,77.6,83.6,82.8,83.7,83.4,83.8,81,83,83.4,82.3
Jordan,44.6,44.6,44.7,44.6,44.7,44.9,44.6,44,44.8,43.9,44.1,44.1,44,44.7,46,53,53.7,53.9,53.4,54,53.7,53.9,50.8,51.5,51.6,50.9,51.4,50.7,52,51.1,51.2,51.6,51.6,50.3,49.7,49.8,49.8,49.3,49.4,49,49.3,51.5,50,49.8,50.1,49.4,47.9
Japan,82.1,82.3,82.4,82.1,82.1,83.7,84.3,84.7,84.6,84.4,84.3,84.9,84.5,84.5,84.6,83.6,83.5,83.7,82.9,84.4,84.5,84.4,84.3,84.5,84.4,84.4,84.5,84.1,84.6,83.9,84.4,84.7,83.4,82.3,85.3,85.3,84.8,83.7,80.9,81,80.8,80.6,79.9,81,80.9,81.4,80.7
Kazakhstan,,,,,,,,,,,,,,,,,53.7,54.1,54.9,55.3,52.4,52.4,51.7,51.8,51.4,50.5,51.2,50.4,50.3,50.6,50.4,50.4,49.3,49.9,49.7,50,50.2,49.5,49.1,49.3,47.5,50.1,48.9,45.9,46.2,45.9,47.3
Kenya,47.3,47.3,47.3,47.3,47.4,45.9,45.6,45.5,45.7,43.9,44.3,43.6,43.2,42.7,42.1,44.5,49.6,50.6,51.5,50.6,49,51.5,51.1,51.5,51.1,52.5,53.6,55.5,60.9,62.1,61.9,62.3,60.9,60.9,60.8,64.4,64.1,64.2,63.5,61.9,61.8,61.4,58,59.2,58.5,58.7,60.8
Kyrgyz Republic,,,,,,,,,,,,,,,,,55,59.7,59.3,56.6,56.8,55.2,55.5,54.6,55,52.1,53.1,52.6,51.5,52.8,51.8,55.5,51.8,50.1,49.5,51.3,61.5,61.6,56.9,52.6,57.1,57.2,57.7,64.5,59.3,53.6,52.8
Cambodia,8.22,2.45,2.42,3.7,9.39,18.8,18.7,18.7,18.7,18.6,18.8,18.8,18.6,18.4,19.1,23.7,24.8,36.7,47.5,52.3,51.8,51.6,51.7,52.3,57.6,55,55.4,55.1,50.9,50.6,50.2,52.2,51.9,52.2,51.8,52,53.2,53.6,52.8,52.3,51.6,49.4,42.9,43.7,43.9,43.7,44.7
South Korea,41,41,40.9,40.3,40.5,46,41.9,43.1,46.2,50.6,48.4,49.9,52.3,62.4,61.8,63.4,64,65.2,70.5,69.5,70.6,69.8,70.5,74.1,74.6,78.3,79.4,78.3,78.8,78.8,78.3,78.9,78.3,69.5,70.8,70.9,70.3,70.6,68.5,66.7,65.8,65.8,78.2,77.2,74.5,76.1,78.5
Kuwait,53.9,54.3,54.3,54.1,54.3,52.2,52.1,51.1,49.8,48.9,48.2,46.3,48.3,46.6,46.2,39.3,42.1,51,51.4,52.7,51,50.6,51.7,52.1,51.2,51.2,51.9,50.9,50.7,50.9,50.7,51.4,50.9,50,50.7,50.7,50.6,50.9,50.8,50.2,50.6,51.4,52,51.7,52,51.1,50.5
Lao,28,16.7,16.8,16.8,16.8,17,17.2,17.4,16.9,16.7,16.7,19.7,23.4,23.7,23.7,24.8,25.2,25,24.9,26.2,25.7,26,26.2,25.8,25.2,24.4,23.1,24.6,24.3,25.9,24.6,24.3,24.6,24.9,25.5,27.5,26.9,27.1,28,28.1,28.2,29.6,30,32.1,30.5,32.6,31.1
Lebanon,52,51.1,51.2,51.1,51.2,50.9,51.1,51,50.9,51,50.9,50.9,50.9,50.8,51.3,51.7,56,52.2,52.1,52.2,52.6,52.4,52.3,52.5,52.3,52.6,53.3,53.2,52.4,51.3,53.5,60.5,61.4,60.7,60.8,60.1,62.8,63.7,59.8,58.8,61.2,60.4,61.5,57.9,60.6,59.5,59.7
Liberia,53.8,53.7,53.8,53.6,52.2,43.4,38.4,37.3,38.3,39.4,39.9,40.5,40,40.3,39.6,41.2,53.1,51.8,51.7,52.3,50.5,48.6,45.4,46.2,45.7,45.7,45.1,45.6,46.1,65.9,73.3,72.8,71.9,70.7,71,72.2,73.1,74.1,71.6,70.9,70.9,70.7,73.8,71.5,70.7,74,74.8
Libya,27.6,27.7,27.8,27.8,28,27.6,27.5,27.6,27.6,27.2,28.3,28,27.1,28,28.5,27.4,27.4,27.3,27.6,27.2,27.5,28.5,27.1,27.2,26.8,27.2,28.1,27.6,27.5,27.6,27.8,28,28.3,28.1,27.3,27.3,45.1,55.7,51.4,49.7,52,52,51.4,48.8,48.1,50,48.3
Sri Lanka,64.9,64.7,63.6,60.8,58.6,54.6,56.2,56.6,55.2,54.1,54.1,55.7,53.2,52.4,53.4,53.4,52.8,53.1,54.7,56.4,59.4,57.9,59.4,55.1,56.4,56,54.6,57.1,57.7,56.2,52.5,52.3,45,43.4,44.8,48.6,49.2,48.7,51.6,51.5,60.2,63.3,64.3,68.5,61.7,54,53.2
Lesotho,44.4,44.6,44.6,45,47.1,47.2,47,48.3,48.4,48,47.9,51.9,50.9,49.6,49.6,51,51.5,54.1,66.5,65.8,67.5,71.7,70.2,70.7,70.5,71.7,71.6,71.7,70.1,71.5,71.4,70.3,68.6,68.4,69.1,70.2,69.6,70.6,71.2,69.3,69.3,64.9,66.8,69.8,70.8,69.7,66.6
Lithuania,,,,,,,,,,,,,,,,,77.1,77.7,78.3,79.5,79.8,78.7,78.8,79.5,79.2,78.5,78.8,79,77.9,80.9,80.1,82.2,82.8,82.7,84.2,84.2,83.7,84.7,85.2,82.4,83.9,81.9,78.3,80.3,80.2,78.4,76.2
Luxembourg,90.9,90.8,91,91.1,91.1,91.1,91.9,91.9,91.8,91.8,91.9,92.2,92,92.1,92.3,92.2,91.9,92.1,92,92.2,92.4,91.9,92.2,90.9,92.2,92,91.6,92.2,91.9,92.2,91.7,92,92.2,92.3,91,91,92.3,92.1,92,92.1,91.9,91.9,90.8,92,91.1,86.7,87
Latvia,,,,,,,,,,,,,,,,,73.9,77.5,77.8,77.9,78.5,78.7,78.6,79.6,80.4,80.4,79.7,80,80.2,80.1,80.9,81,81.8,81,81.8,82.6,83.4,84.8,84.8,84.7,83.8,82.1,80.3,83.3,85.5,86.2,85
Morocco,39.3,41,41.3,41.3,41.2,41.4,42.9,42.4,42.9,42,41.5,42.2,42.3,40.9,41.6,43.6,43.5,43.3,43,43,43.5,44.4,47.7,50.1,50.6,52.5,53.2,53.7,54.6,53.7,53.7,54.7,53.3,52.8,52.8,53.6,53.6,53.5,53.1,53.2,52.4,51.9,52.9,57.2,55.5,55.5,55.6
Moldova,,,,,,,,,,,,,,,,,61,62.2,61.9,62.8,65,64.1,64.7,64.9,64.7,62.3,57.3,56.3,55.6,56.4,54,54.5,54,52.7,52.5,65.3,67.3,66.9,66.3,67.3,64.2,63.8,61.8,63.6,67.2,64.7,69.4
Madagascar,43.1,43.8,43.8,43.8,43.7,44,43.5,44.8,44.8,44.2,44.9,46.6,46,49.1,49.3,51,51.3,64.7,64.1,65.5,65.3,68.1,66.9,67.2,64.4,64,64.8,56.8,61.2,60.6,60.7,61,64.8,63.4,53.1,53,54.4,51.2,52.9,57,61,62,60.2,60,55.2,54.9,54.9
Maldives,40.9,41,41,40.7,41.8,42.3,42.3,43.1,42.7,42.2,41.8,42.2,42,41.9,42.1,44.1,42,42.4,42.3,42.3,42.3,42.2,42.2,42.4,42.5,42.1,42.8,42.3,42,44.3,49.2,49.9,49.2,59.3,68,66.5,66.5,55.7,51.7,51.2,48,47.5,44.9,47.2,62.2,62.4,60.2
Mexico,54.2,54.2,56.3,56.1,56.1,56.4,57.6,58.7,58.1,57.6,58.7,58.6,58.7,59.5,59.3,59.6,60,60.1,62.3,63,63.7,64.3,65.5,66.2,65.2,68.4,69.5,69.1,69,68.8,69.1,68.9,67.2,66.2,67.4,67.8,68.1,68.2,67.6,65.5,67.7,66.9,67.6,71.8,70,70.7,66.9
North Macedonia,,,,,,,,,,,,,,,,,58.6,59,62.9,64,63,64.2,64,65.6,66,65.6,59,64.2,69.3,70.6,69.9,69.2,71,70.8,70.7,69.6,68.5,65.2,63.3,62.9,60.5,60.8,67.5,68.4,69.7,69.2,69.8
Mali,42.9,43.1,43.2,42.7,43,45.3,46.2,46.5,45.1,44.8,45.6,45.8,45.4,45.4,46,49.3,63.8,69.5,68.2,69.3,69.6,70.4,69.1,70.7,71,71.3,72.5,73.1,73,73,72,70.7,70.3,69.9,69.8,71.3,71.2,68.5,59.4,60.3,60.4,60.6,59.2,58.7,63,63.3,61
Malta,74.8,75,74.7,74.9,75.1,74.3,74.7,73,70.4,69.3,69.7,70.6,76.7,80.4,80.5,82.5,82.4,82,82.1,82.3,82.3,82.6,82.3,82.4,82.5,82.3,82.9,83,83.6,83.6,83.8,83.1,83.7,81.9,82.4,82.4,82.4,82.3,80,80.2,79.1,80.3,80.8,77.9,77.7,77.6,77.6
Myanmar,25.5,25.5,25.6,25.6,25.5,28.5,28.5,28.5,28.6,28.8,29.1,28.4,27.9,27,26,26.6,26.4,26.9,27.6,26.9,27,26.9,26.8,26.6,26.4,26.5,26.3,27.2,27.1,26.9,26.9,26.9,26.7,27.5,26.9,33.8,42.5,43.3,46.8,46.9,47,48.7,47.7,47.9,51.5,50.9,23
Montenegro,,,,,,,,,,,,,,,,,,,,,,,,,,,,,,,,69.4,70,67.8,67.6,70.2,66.8,66.1,67.4,67.8,67.3,69.4,68.5,67.1,68.9,62.4,67.7
Mongolia,28.5,28.4,28.3,28.4,28.3,28.4,28.6,28.7,29.1,28.6,29,28.7,28.8,28.8,35.1,56.4,61.3,77,80.5,78.9,80.9,81,83.7,82.4,83.3,79.1,79,78.9,78.2,78.6,76.6,77.9,79.6,76.6,79.5,79.3,79.6,79.6,78.8,76.3,74.7,77.5,77.3,77.3,78.6,74.7,71.5
Mozambique,31.7,32.7,32.8,32.8,32.9,33.2,33.9,32.8,32.9,33.9,33.8,34,35.1,34,35.1,49.4,55.7,56.2,62.3,58.8,61.9,61.9,59.7,59.6,61.7,59.3,60.2,60.1,59.5,59,59.5,59.6,59,59.3,61.7,60.3,61.7,62,62.2,61.1,61.6,63.1,57.6,55.5,56,56.7,57.5
Mauritania,53.9,53.8,54.1,45.7,39.8,39.7,40.9,40.2,39.5,39.7,40.1,39.9,40.1,40.6,39.7,40.3,47.1,51.2,53.5,52.9,53,54.6,55.3,54.5,55,53.7,53.4,54.2,53.9,56.1,60.1,64.4,66,62.4,62.4,63.6,63.5,64.3,56.6,56.1,55.2,56.2,50.4,52.3,56.2,55.8,51.9
Mauritius,66.3,67.5,71.4,71.3,71.2,71.3,73.1,74.3,73.4,73.3,73.4,73.6,73.3,74.8,73.3,74.1,73.4,74.7,75.3,75.7,76.9,76,77.6,77.7,76.6,78.3,77.7,77.6,77.8,77.5,76.8,76.8,77.3,76.8,76.4,75.3,75.8,75.9,74.1,72.5,71.7,73.8,74.9,77.7,76.9,70.2,69
Malawi,21.2,21.2,22.1,22.2,22.2,22.3,24.1,23,23.2,22.6,22.7,23,23.3,22.7,21.8,22.2,23,23.1,36.9,50,56.8,59,58.8,59.1,58.9,58.4,61.2,60.6,60.5,60.7,63.1,63.3,63.3,62.4,64.2,64.1,62.6,62.8,72,72.3,72.3,69.1,69.8,69.8,67.5,69.5,70.3
Malaysia,46.8,47,46.9,46.9,46.8,48.9,49.2,48.3,49.2,48,49.3,48.9,47.2,48.7,50.4,48.9,49.3,48.2,48.9,46.9,49,48.1,47.1,47.8,46.2,46.8,47.8,47.9,47.2,50.2,49.2,49.8,50.4,49.2,49.5,49,48.9,48.7,48.9,48.6,48.7,48.9,50.4,57.3,58.4,54.7,53.7
Namibia,,,,,,,,,,,,,,,,71.9,75.6,73.3,75.6,74.8,75.7,75.5,73.2,72.8,73.1,73.4,74.6,74.9,74.5,76.2,76.4,76.2,73.3,73.8,73.6,74.2,74.9,74.8,77.6,77.6,77.3,76.2,75.9,77,76.2,76.7,76
Niger,37.8,38,37.9,37.8,37.8,38,39.7,39.2,38.4,37.6,36.1,36.7,37.5,42.9,47.2,56.2,61.4,60.5,62.4,61.3,63,56.8,56,58,57.8,63,63.1,62.7,62.6,62.7,62.3,62.8,62,61.3,59.3,64.5,64.7,66.4,68.9,67.7,66.8,67.6,64.5,63.5,63.2,63.5,65.8
Nigeria,55.5,55.5,55.4,57.5,61.8,63,63.9,64.4,60.8,50.2,51.9,52.2,50,51.3,52.4,52.3,54.6,53.2,50.6,48.3,44.4,43.8,43.5,52.4,62.9,63.3,63.1,62.8,62.3,64,62.4,63.8,63.5,64.4,63.1,63.7,64,64.1,65.3,64.4,60.2,62.2,62,63.4,62.5,64.6,59
Nicaragua,28.5,28.5,26.4,26.4,26.4,50.8,53.4,45.8,45,46.8,43.9,43.6,43.9,51.2,53.4,68,73.9,73.2,73.7,75.5,76.8,76,74.5,74.1,74.2,73.3,72.9,73.7,73.9,74.1,74.1,70.3,65.3,57.4,58,57.2,57.2,58.4,58.3,56.9,55.8,55.4,53.7,37.8,35.5,35.4,32.1
Netherlands,84,84.1,85.3,85.2,87.3,87.2,87.9,88.5,88.4,88.7,88.5,88.6,88.8,88.5,88.7,88.7,88.6,88.6,88.5,88.6,88.6,88.5,88.7,88.6,88.5,86.6,85.9,85.6,86.6,86.4,86.5,86.3,85.4,85.6,84.8,83.7,83.7,84.4,84.3,83.1,83,82.9,84.3,85.1,82.9,81.3,82.8
Norway,82.8,82.9,82.8,83.1,83,91.4,93.6,93.6,93.3,93.3,92.6,92.7,92.5,92.5,93.3,94.8,95.4,94.8,94.7,95.2,96,95.7,95.9,95.9,95.2,95.3,95,95,95.7,95.7,95,95.4,94.6,94.3,94.6,94.1,95.3,95.1,95.9,94.6,95.3,95.6,96,94.2,91,85.8,86
Nepal,40.4,40.3,40.4,42,40.4,42,41.8,43.5,43.5,43.6,44.5,44.5,44.6,44.8,43.7,57.9,66.7,66.9,66,66.4,67.3,61.6,61.5,60.4,60,58.5,54.8,52.5,50,51.2,48.3,52.4,67.8,67,70.1,68.4,70,71.6,65.8,64.5,63.3,66.4,65.8,62.6,63.7,65,63.1
New Zealand,87.7,87.5,85.8,85.7,85.7,86.8,86.7,86.8,87.7,92.7,92.7,93,92.8,92.9,92.7,92,92.2,92,92,92.1,92,91.3,92.2,92.1,92.1,92.3,92,91.8,91.9,91.8,91.7,91.6,90.2,92,91.1,91.1,91.2,91.2,90.2,90.1,90.3,89.3,90.2,93.2,93.8,90.7,87
Oman,35.6,36.1,36,36,36,36,36.4,36.2,37.2,37,37,37.7,36.9,37,36.8,36.8,37.6,36.9,36.9,37,37.4,37,37,37.2,37.1,37.2,37,36.9,38.4,39.3,39,39.5,39.3,39.6,38.2,38.4,40.4,41.3,41.4,41.4,41.4,43.8,43,44,44.1,43.1,44.2
Pakistan,54.4,50.2,50,40.3,38.9,38.7,39,40,41.9,39.6,40.7,46,43.9,49.1,55.3,56.3,55.9,53.5,53.5,55.3,54.9,54.1,53,55.2,53.3,56.5,54.7,54.4,54.7,55.1,55.3,54.1,51.5,52.5,53.6,53.1,53.3,53.4,52.4,51.4,50.6,49.1,48.4,48.3,46.5,48.1,50.2
Panama,46.3,46.4,46.7,48.7,48.7,48.1,50.6,49.8,50,49.6,50.2,49.7,47.5,44.3,43.6,73.1,76.6,76.2,77.7,78.6,78.5,78.9,78.8,78.2,78.9,79.7,78.9,79.4,79.4,79.1,77.3,79.8,79,79,78.4,78.3,78.8,76.6,76.9,77.5,78.1,78.9,76,77.3,77,71.5,72.2
Peru,44.8,46,45.7,45.9,47.3,60.2,67,67.2,66.6,65.7,65.3,65.2,62.9,63.8,63.8,59.6,59.8,53.9,51.8,48.8,50.7,51.5,51.8,51.2,49.8,58.2,74.9,75.1,73.9,73.7,73.3,72.4,72.1,72.7,70.6,70.8,70.5,71.6,75.1,74.6,71.8,71,75.4,76.7,76.1,74.6,74.2
Philippines,35.5,35.6,35.8,35.9,35.8,35.7,37.9,40.2,37.6,38.3,41.8,58.4,69.5,70.3,70.4,71.9,73.1,73,73.6,73.5,75.8,75.7,77.1,77.7,75.4,70.9,72.7,73.3,73.4,70.9,70.5,71.6,69.7,69.6,70,71.4,71.7,72.6,72.4,70.9,70.4,64.2,63,56.4,54.5,55.3,54.4
Papua New Guinea,71.7,72.8,72.8,72.8,73,73.1,73.7,74,73.7,73.8,72.6,73.5,73.2,73.9,73.9,72.1,72.1,71.9,72.1,71.8,72.4,70.9,70.9,72.8,72.1,72.1,70.8,71.7,71.8,71.8,71.7,71.7,71.4,71.6,71.1,71.1,71.7,69.6,69.7,68.4,68.5,69.3,69.1,69.5,70.5,71,69.6
Poland,42.2,42.2,42.1,43.5,43.5,49.6,46.2,35.1,36.8,43.4,47,48.1,47.8,50.8,63,81.1,86,85,83,83.1,83.7,83.8,82.9,83.3,82.9,84.2,83.5,83.6,83.4,82.3,81,81.7,81,83.9,84.3,84.5,84.4,82.2,82,82,81.8,69.6,69.4,68.8,67.5,65.8,63.5
North Korea,0.297,0.226,0.294,0.217,0.117,0.0195,0.617,0.719,0.51,0.082,0.64,0.659,0.96,0.84,0.67,0.339,0.606,0.57,1.14,0.436,0.95,0.0879,0.00796,0.212,0.0172,0.00458,0.146,0.286,0.5,0.484,0.533,0.341,0.344,0.00548,0,1.61,1.99,2.01,2.79,2.39,2.74,2.94,2.64,3.24,3.83,5.76,5.78
Portugal,83.2,87,88.1,88.4,88.1,89.8,88.8,89.3,89.4,89.3,89.2,90.1,91.1,90.2,90.9,91,91.2,90.3,91.3,90.7,90.9,91.4,91.3,91.4,91.5,92.8,92.9,92.5,92.7,92.4,92.8,92.5,92.5,91.6,91.5,94.1,92.6,92.5,92.3,92.4,93.3,91.6,94.9,95.3,93.3,85.6,88.3
Paraguay,32.3,32.4,32.5,31.6,31.6,34.6,34.4,36.5,36.4,35.1,35.7,35.7,34.6,34.6,43.2,65,64,70.3,70.1,69.7,70.5,70.4,71.2,71.1,70.2,70.1,69.1,69,69,68.7,68.7,69.9,71.1,70.3,73.8,74.7,74.7,72.5,71.5,69.8,68.7,70.7,71.6,72.3,72.3,68.1,68.3
Palestine,,,,,,,,,,,,,,34.5,34.4,34.6,34.8,34.5,35.1,48.1,49.7,49.6,49.7,49.8,49.9,48.4,49.7,50.1,49.8,49.8,50,49.1,47.6,49.1,49.2,49,49.4,49.3,51.1,50.3,51.9,51.9,51.4,52.1,56.7,53.4,52.5
Qatar,36.9,36.8,36.7,37,36.9,37,37,37.3,38,37.7,37.6,37.6,37.9,37.8,37.7,37.9,38,38,38.6,38.3,38.7,40.7,40.7,40.5,41.1,42.2,41.7,42,42,42.3,41.6,42,41.5,42.9,42,41.5,41.2,41.9,42.8,42.4,42.4,42,41.3,41.9,41.3,40.7,39
Romania,17.9,17.9,17.9,18,18.1,17.9,18.5,19.1,18.9,17.9,19,18.7,18.1,18.5,18.5,64.6,68.3,68.7,72.3,71.2,72.5,74.2,74.2,75.2,74,75.9,72.2,71.9,72.5,72.1,73.8,74.6,75.7,75.5,75.6,75.1,75.4,74.7,74.2,75,75.3,76.1,70,68.7,70.7,68.7,70.4
Russia,21.5,21.9,20.7,20.7,20.7,20.8,20.1,20.5,20.4,20.2,28.5,34.6,38.1,42.6,43.3,47.9,48.3,60.8,61.3,64.5,64.8,64.9,64.6,63.9,63,55.3,55.9,55.5,54.3,53.9,51.4,50.1,50.5,49.4,48.8,48.8,48.6,49,48.1,45.2,45.1,45.7,46.6,46.4,46.4,46.1,45.6
Rwanda,36.8,37.1,36.8,38.9,38.9,39,40.5,39.8,39.4,39.5,39.4,37.9,39.8,39.4,39.4,41,46.8,47,49.5,40.9,43.3,44.4,46,45.6,43.3,46.8,43.1,43.2,41.8,42.5,43.8,44.6,45,43.8,44,44.4,44.5,45.4,46.4,48,47.5,47,42.9,43.4,43.8,41.3,41.8
Saudi Arabia,30.3,30.2,30.3,30.3,30.4,30.6,30.1,29.7,30.5,30.3,30.8,31.1,30.3,31,29.6,29.7,29.6,29.7,30.3,29.9,29,29.1,29.3,29.9,30.2,30.2,30.8,30.7,30.3,30.2,29.8,29.6,28.9,29.7,29.8,30,28.8,29,28.3,28.3,28.6,29.5,28.7,28.1,26.9,27.8,27.7
Sudan,39.4,39.5,39.5,39.7,39.6,40.5,41.7,42.5,41.7,40.1,52.6,55.4,53.6,52.9,32.7,29.7,29.1,29,29.2,29.2,29.1,29.2,29.4,29.2,29.3,29.9,30,30,30.2,32.2,36.8,37.1,37.4,37.2,38.4,38.7,37.1,34.7,36,35.9,35.7,32.8,34.6,33,47.2,54.3,41.9
Senegal,58.6,58.8,60.5,60.3,60.4,61.8,66.2,65.9,66.1,65.4,64.2,64.3,64.5,61.5,62.9,64.2,67.8,66.9,67.2,65,68.5,68.4,67.1,66.2,66,68.3,71.8,72.6,72.6,73.5,71.8,72,70.5,70.7,70,70.5,70.3,70.7,73.3,73.3,73.5,73.1,72.1,71.4,70.9,72.4,70.3
Singapore,48.9,49.2,49.2,48.8,48.7,49.9,49.8,49.2,48.9,48.8,49.9,49.9,49,51.8,51,51.7,50.2,50.8,50.2,50.9,50.8,50.8,50.9,51,51.2,55.7,56.4,54.8,55.3,54.8,55,54.2,55,56.2,55.6,56.9,56.7,56.4,57.5,56.7,56.9,57.4,55.9,54.2,53.5,51.2,51.1
Solomon Islands,,,,68.5,71.7,70.9,71.8,71,70.9,68.7,70.8,70.7,70.8,70.2,70.8,70.1,70.4,70.4,70.2,70.3,70.7,70.3,70.2,69.7,64.7,62.4,65.9,68.5,69.4,72,71.3,72.2,73.1,71.7,73.8,73,72.9,73.1,71.8,72.8,71.9,74.7,74.7,74.6,73.2,70.9,69.9
Sierra Leone,47.4,47.4,49.5,49.3,43.4,43.4,45.8,45.7,45.4,46.3,46.3,48.4,48.4,46.4,46.7,48.1,48.8,49.1,49.1,48.8,49.9,52.3,55.1,54.6,57.2,59.1,60,69.6,71.3,70.9,71.3,70.7,69,68.9,68.9,70.8,69.9,70.2,72.6,73,69.7,71,69.6,71.5,68.8,68.9,71
El Salvador,34.8,35.1,31.6,31.1,30.4,30.5,32.8,33.1,36.4,35.2,40.4,40.8,39.7,41.5,40.7,42.3,42.9,56.6,67.8,67.1,69.6,70.3,71.2,70.5,70.1,71,70.2,70,68.8,69.3,69.3,71.2,71,70.7,71,74.2,74.1,74.6,72.1,71.7,70.3,70.3,70.2,66.7,63.1,55.7,50.3
Somalia,26.4,26.7,27.4,27.5,28.3,27.5,28.1,28.6,28.7,28.9,28,28.9,28,27.1,27.8,29.5,38.8,41.7,42.7,42.7,43,42.9,43.1,43,42.7,44,43.1,43.2,43.2,43.9,43.8,42.9,41.4,43.3,45.5,49,48.8,53.6,50.9,47.3,47.5,47.4,48.3,44.8,44.7,43.8,43.8
Serbia,37.5,37.2,37.5,37.5,37.4,37.5,41.3,41.3,42.1,41.5,41.7,44.3,45,44.2,42.7,50,46.5,46.3,47.2,47.7,46.2,51.4,49.2,47.6,47.1,56.8,73,76.3,72.8,75.4,76.9,77.3,78,78.2,76.8,74.9,72.5,73,70,69.3,67.9,68.3,59.4,58.3,57.7,57.7,59.7
South Sudan,,,,,,,,,,,,,,,,,,,,,,,,,,,,,,,,,,,,,53.2,49.6,37.3,36.5,37.1,32.3,31.6,30.2,34.1,36.8,38.4
Suriname,73.5,75.1,75,76.5,76.5,50.2,50.5,45.8,46.5,47,47.1,47.8,50.9,61.5,73,73.8,74.1,76.1,76.3,76.5,77.2,78.5,78.5,78.6,77.7,78.6,78.4,78.1,78.4,78.4,78,78.1,78.1,78.2,78.2,78.2,76.8,76.9,78.8,78.6,78.6,76.7,74.5,74.3,72.1,71.8,74
Slovak Republic,,,,,,,,,,,,,,,,,,,72.3,70.9,69.7,70.5,70.1,72.6,82.3,82.4,81.8,82.3,83.5,84.1,84,82.6,83.4,82.7,82.2,83.1,82.8,83.1,81.7,81.3,80.1,81.9,79.7,74.8,78.7,77.7,77.6
Slovenia,,,,,,,,,,,,,,,,,78,85,84,86.6,86.5,86.7,89.3,87.7,87.6,87.6,87.8,87.8,87.8,86.2,85.6,85.8,84.6,84.1,87.5,89.4,88.1,85.8,85,85.8,86,82.7,83.9,82.8,79.9,69.9,68
Sweden,94.7,94.5,94.8,94.7,94.7,97.3,97.7,98.2,97.8,98.3,98.1,98.3,98.1,98.1,98.7,98.8,99,98.9,96.3,99,98.2,98.9,98.6,99,98.8,98.5,98.6,98.4,98.3,98.3,98,99.5,99.8,100,99.9,99.9,98,99.2,99.1,99.2,97.7,96.3,96.5,91.6,93,90.5,90.7
Eswatini,42.6,42.6,42.7,42.7,42.8,44.4,44.7,45.3,44,44.4,44,45.9,45.2,44.2,44.6,43.5,42.6,43.9,42.6,43.6,42.7,41.5,42,41.7,41.6,41.5,43.5,42.7,43.2,43.5,43.4,44.9,42.3,39,38.6,39.3,40.7,41.1,42.3,40.6,40.4,43.8,43.2,44.6,43.7,42.8,35.9
Syria,20.4,21.2,21,22.9,22.7,20.3,20.6,19,18.9,19.5,20.6,19.8,20.2,19.9,20.5,21.7,23.2,23.1,23,23.1,24,23.6,23.9,23.6,23.8,30.6,31.5,30,29.7,30.9,29.1,29.5,28.5,28.4,27,26,26.6,22.4,17.3,15.7,16.2,16.1,19.4,20.2,21.1,20.2,19
Chad,41,42.1,42,41.8,39.6,33.6,33.4,30.4,29.7,32.4,33.4,32.6,33.4,30.3,29.2,37.2,49.4,54.2,53.2,54.3,51.3,54.6,54.8,51,50.2,50.2,49.7,51.1,50.6,49.8,50.2,49.7,46.4,48.5,49.9,52.7,54.7,51.7,51.7,51.5,52.3,48.5,44.7,44.7,46.3,45.9,45.5
Togo,38.9,39,39,39,39,39,39.1,40.9,39.8,39.4,39.9,39.6,39.7,40.9,40.5,40.6,49.4,52.6,50.4,49.7,51,50,51.4,49,50.1,50.1,49.2,49.4,50.6,50.7,52.7,58,58,59.5,59.6,59.6,61.8,63.4,64.4,63.4,64.3,66.4,60.1,58.5,56.3,57.9,56.1
Thailand,49.1,45.5,41.6,44.1,44.1,49.4,53.4,53.5,53.5,53.4,54.9,54.2,54,55.5,55.4,54.4,50.8,48.7,57.5,57.8,57.8,58.8,61,62.3,62.9,62,62.6,60.8,61,59.2,58.5,51.8,50,54.6,54.7,54.5,56.8,57.8,56.5,44.4,42.4,42.9,40.6,41.6,49.5,43.5,42.8
Tajikistan,,,,,,,,,,,,,,,,,54.8,46.1,33.7,31.6,32.6,33,35.9,43,41.8,42.2,43.5,45.7,46,46.3,46,46.3,45,44.2,42.3,42,43.2,41.7,40.2,41.5,37.8,34.4,33.3,31.8,31.9,34.3,34.4
Turkmenistan,,,,,,,,,,,,,,,,,37.6,34.4,35.4,33.9,31.7,30.7,27.4,26.3,27.6,29,25.7,25.6,25.1,27.1,24.8,25.3,25,26.1,25.8,27.5,27.6,26,25.3,25.2,25.4,25.1,28.2,28.1,29.3,28.3,26.9
Timor-Leste,,,,,,,,,,,,,,,,,,,,,,,,,,,,72,71,68.4,68.4,70,72.1,69.7,73.1,72.6,74.1,71.6,71.9,66.1,68.2,69.7,70.3,72.8,74.3,70.2,71.6
Trinidad and Tobago,68.6,70.3,72.8,72.9,73,74.1,74.9,74,74,73.9,73.8,75,73.5,74.7,75.2,73.2,77.3,76.3,76,77.2,75.3,76.4,78.1,78.1,78,80.4,80.3,80.2,80,80.1,80.1,77.3,79.1,77.7,78.8,78.7,76.4,78.3,78.8,79.3,79.1,79.5,80.2,78.5,80.3,79.3,79.7
Tunisia,44.3,44.2,44.5,44.3,42.6,44.5,45.6,46.2,45.7,46.2,45.8,45,45.7,40.3,42.7,40.9,40.2,41.9,39.7,39.1,39.8,40.1,39.4,39.2,39.6,38.4,39.2,39.6,37.5,38.5,38.5,38.5,38.7,37.9,35.9,37.9,66.6,68.7,69.1,67.1,66.4,64.9,65.4,65.2,65.5,67.1,63.7
Turkey,55.9,56.2,54.9,55.4,55.2,40.3,34.9,34.1,40,45.4,50.7,49.1,48.7,49.4,47,48.5,52.3,49.4,49.5,49.6,50.7,52.5,52.1,51.5,52.8,53.3,55.3,60,59.8,59.7,58.4,58.7,54.2,52.7,54.7,54.4,54.7,54.7,54.6,51,47.5,42.9,35.1,38.2,36.7,36.6,36.7
Taiwan,35.9,37.1,39.4,39.1,38.7,40.8,41.6,44.5,44.9,45,47.2,49.9,50,55.5,58.3,59.5,60,61.2,64.3,65.2,65.3,65.6,66.9,67.5,68.4,80.9,82.1,81.6,80.7,80.2,80.5,80.6,79.7,78.7,79.7,81.2,82,84.1,86.1,84.9,86.3,84.2,83.5,83.8,82.6,81.8,81.8
Tanzania,51.3,51.4,50.4,50.5,50.5,51.3,51,49.3,48.9,48.5,54.1,57.9,56.9,57.7,56.9,56.7,60.4,65.2,65.5,64.3,64.6,64.5,64.6,64.3,64.3,63.8,64.4,63.6,63.6,64,63.8,64,64.8,63.8,64.1,64.1,64.8,65.2,65,64.8,62.8,56.7,54.7,53.4,53.5,50.1,53.1
Uganda,28.7,28.7,28.6,28.7,34.2,43.4,44.7,44.5,43.9,43.9,41.6,50.3,50.6,54.7,55,53.9,53.9,54.8,55.4,57.1,57,57,55.2,55.1,55,54.5,54.2,54.5,53.6,53.7,53.6,53.7,52.2,50.8,51.4,49.6,50.7,49.7,49.1,50,49.9,49.6,46.5,46.5,46,46.3,45.9
Ukraine,,,,,,,,,,,,,,,,,61.8,62.7,65.2,66.7,66.8,66.1,65.8,63.9,64.8,63.2,63.2,63.1,62.8,59.7,68,68,69.6,69,70.5,66.8,67.3,66.8,65.6,56.3,57.4,58.8,61.4,60.2,61.4,61.5,60.8
Uruguay,34,29.6,29.6,29.5,29.5,35.8,39.6,40.1,40.2,45.8,66,83.3,82.6,82.6,83.2,83.7,84.1,83.3,84.6,82.4,87.1,89.7,89.3,91.8,91.7,91,91.8,91.4,91.6,91.1,91.3,91.9,92.8,92,91.8,91.7,91.7,92,91.4,91.4,88.6,89.8,88.5,88.8,88.7,86.9,79.1
USA,85.3,86.2,85.3,86.4,86.3,88.2,88.2,88.4,87.5,87.5,87.4,87.9,87.7,87.8,87.9,89.5,88.7,89.4,89.6,89.5,89.4,89.4,89.5,89.5,89.5,89.4,89,87.2,87.8,88.3,88.5,88.5,88.5,90.2,90,90.4,89,90.9,90.9,91.4,91,90.3,81.5,80.2,78.9,76.4,80.2
Uzbekistan,,,,,,,,,,,,,,,,,42.6,40.6,41.2,36.9,36.4,35.2,35.3,33.3,29,29,28.9,28.6,30.3,29.2,27.3,25.4,27,27.1,27.9,26.1,27.7,27,28.6,28.6,28.3,31.7,39.6,40.4,40.9,41.9,42.4
Venezuela,75.9,75.9,76.4,75.8,76.4,76.1,77.6,76,75.3,75.4,76.2,75,75.8,74.8,72.5,75.8,74.2,72,73.4,72.6,73,75.4,74.8,71.8,65.6,59.6,59.5,56.8,56.4,55.1,55.6,54.9,54.1,53.3,53,55.6,55.9,56.3,51.3,50,48,46.2,44.9,42.4,39,38.7,43.2
Vietnam,26.3,28.2,28.2,28,28.1,29.6,29.1,27.3,27.4,27,27.1,31.2,34.1,35,36.4,40.5,40.6,41.3,41.3,41.5,41.2,43.7,42.2,42.3,42.4,42.6,42.6,42.7,42.5,42.7,42.7,43.3,43.1,43.3,43.1,43,43.2,43.3,44.5,44.7,44.5,44.8,43.7,42.8,41.8,41.3,40.4
Vanuatu,,,,,,73,74.3,74.2,73.6,73.7,73.7,73.7,73.7,73.7,73.6,73.4,72.2,75.9,74,73.8,75.5,76.3,76.4,77,77.1,78.5,78.6,78.6,78.2,77.5,75,77.2,75.7,79.1,78.4,79.2,79,79.1,79.1,79.3,79.3,79,81.7,81.6,80.5,77.9,81.3
Yemen,39.1,39.2,39.3,36.5,35.9,37.2,37.1,37.1,35.3,35.4,35.1,34.3,34.4,35.4,36.2,42.7,50.3,49.1,49.5,48,49.8,50.6,50.5,50.5,49.7,48.3,49.7,47.4,48.3,47.6,47.9,48,48.9,46.4,45.8,45.2,45.5,53,46.9,44.4,34.4,32.9,30.3,29,30.7,29.9,31.6
South Africa,33.7,33.7,33.9,34,33.8,33.9,33.5,34.1,34,33.4,33.6,35.1,33.4,33.7,36.2,43.1,43.9,45.8,49.3,65.5,80.4,81.4,80.3,81.3,78.7,80.8,81.6,78.2,80.5,81.1,75.6,74,74,74.1,74,76.2,76.1,73.1,73,73.1,72.3,70,70.8,72.8,71.1,72.1,73.7
Zambia,48,48.2,48,48.3,48.1,48.1,48.4,48.6,48.7,48.7,48.6,47.9,47.3,46.8,46.6,48.4,56.7,65,65.3,67.1,66.2,65.7,65.3,64.6,65.5,65.3,65.6,66.1,65.4,65.2,64.7,66.1,65.5,65.4,64.2,65.2,64.6,65,63.2,63.8,63.1,60,59.7,56.5,58.3,53.5,58.3
Zimbabwe,29.7,29.8,29.5,32.5,35.2,53.9,55.4,55,53.6,51.6,50.1,50.6,53.3,56.4,54.8,53.3,53.4,53.8,54.6,53.9,55.2,54.6,54.8,54.1,52.1,47,43.7,43.3,41.7,43.3,41.2,41.9,42.4,40.1,41.3,45.8,47.2,47.4,50.1,46.5,47.3,44.1,45.4,48.5,46.4,46.6,48.8
